<?xml version="1.0" encoding="utf-8"?>
<!--/843541/1270263/2.50/2/4/Schottky Diode/-->
<quadcept_library>
  <setting unit="mil" />
  <textstyle name="Default" height="47.244094488189" strokewidth="7.8740157480315" charwidth="47.244094488189" />
  <textstyle name="Dimension" height="19.6850393700787" strokewidth="0" charwidth="19.6850393700787" />
  <textstyle name="H127W0635TH00762" height="50" strokewidth="3" charwidth="25" />
  <textstyle name="H15W15TH02" height="59.0551181102362" strokewidth="7.8740157480315" charwidth="59.0551181102362" />
  <padstyle name="r90_80" surface="True" plated="False" isvia="False" nopaste="False" nomask="True" complex="False" holesize="0">
    <padshape layer="TOP" shape="rectangle" width="31.496062992126" height="35.433070866141" />
    <padshape layer="TOP_SOLDER_MASK" shape="rectangle" width="39.370078740157" height="43.307086614173" />
    <padshape layer="TOP_SOLDER_PASTE" shape="rectangle" width="31.496062992126" height="35.433070866141" />
  </padstyle>
  <footprint name="1SS357TPH3F" originx="0" originy="0" pickpointx="0" pickpointy="0">
    <pcbpin number="1" name="1" style="r90_80" originx="0" originy="-45.275590551181" rotation="90" />
    <pcbpin number="2" name="2" style="r90_80" originx="0" originy="45.275590551181" rotation="90" />
    <line layer="TOP_ASSEMBLY" originx="-24.606299212598" originy="33.464566929133" endx="24.606299212598" endy="33.464566929133" width="7.8740157480314" />
    <line layer="TOP_ASSEMBLY" originx="24.606299212598" originy="33.464566929133" endx="24.606299212598" endy="-33.464566929133" width="7.8740157480314" />
    <line layer="TOP_ASSEMBLY" originx="24.606299212598" originy="-33.464566929133" endx="-24.606299212598" endy="-33.464566929133" width="7.8740157480314" />
    <line layer="TOP_ASSEMBLY" originx="-24.606299212598" originy="-33.464566929133" endx="-24.606299212598" endy="33.464566929133" width="7.8740157480314" />
    <line layer="TOP_PLACE_BOUND" originx="-63.976377952755" originy="100.3937007874" endx="63.976377952755" endy="100.3937007874" width="3.9370078740157" />
    <line layer="TOP_PLACE_BOUND" originx="63.976377952755" originy="100.3937007874" endx="63.976377952755" endy="-116.14173228346" width="3.9370078740157" />
    <line layer="TOP_PLACE_BOUND" originx="63.976377952755" originy="-116.14173228346" endx="-63.976377952755" endy="-116.14173228346" width="3.9370078740157" />
    <line layer="TOP_PLACE_BOUND" originx="-63.976377952755" originy="-116.14173228346" endx="-63.976377952755" endy="100.3937007874" width="3.9370078740157" />
    <line layer="TOP_SILKSCREEN" originx="-24.606299212598" originy="33.464566929133" endx="-24.606299212598" endy="-33.464566929133" width="3.9370078740157" />
    <line layer="TOP_SILKSCREEN" originx="24.606299212598" originy="33.464566929133" endx="24.606299212598" endy="-33.464566929133" width="3.9370078740157" />
    <line layer="TOP_SILKSCREEN" originx="-3.9370078740157" originy="-74.803149606298" endx="-3.9370078740157" endy="-74.803149606298" width="3.9370078740157" />
    <arc layer="TOP_SILKSCREEN" originx="-1.9685039370079" originy="-74.803149606298" startangle="180.0" sweepangle="-180.0" radius="1.9685039370078" width="3.9370078740157" />
    <line layer="TOP_SILKSCREEN" originx="0" originy="-74.803149606298" endx="0" endy="-74.803149606298" width="3.9370078740157" />
    <arc layer="TOP_SILKSCREEN" originx="-1.9685039370079" originy="-74.803149606298" startangle=".0" sweepangle="-180.0" radius="1.9685039370078" width="3.9370078740157" />
  </footprint>
  <symbol name="CUS10S30,H3F" originx="0" originy="0">
    <line originx="300" originy="100" endx="300" endy="-100" width="0" />
    <line originx="300" originy="100" endx="340" endy="100" width="0" />
    <line originx="340" originy="60" endx="340" endy="100" width="0" />
    <line originx="300" originy="-100" endx="260" endy="-100" width="0" />
    <line originx="260" originy="-60" endx="260" endy="-100" width="0" />
    <line originx="200" originy="0" endx="300" endy="0" width="0" />
    <line originx="500" originy="0" endx="600" endy="0" width="0" />
    <sympin number="1" originx="200" originy="0" rotation="180" length="100" width="7.8740157480315" flipped="False">
      <text name="pinname" originx="240" originy="10" style="Default" rotation="0" justify="left" flipped="False" hidden="True" data="K" />
      <text name="pindes" originx="160" originy="10" style="Default" rotation="0" justify="lowerright" flipped="False" hidden="False" data="1" />
    </sympin>
    <sympin number="2" originx="600" originy="0" rotation="0" length="100" width="7.8740157480315" flipped="False">
      <text name="pinname" originx="560" originy="10" style="Default" rotation="0" justify="right" flipped="False" hidden="True" data="A" />
      <text name="pindes" originx="640" originy="10" style="Default" rotation="0" justify="lowerleft" flipped="False" hidden="False" data="2" />
    </sympin>
    <polygon type="polygon">
      <point x="300" y="0" />
      <point x="500" y="100" />
      <point x="500" y="-100" />
    </polygon>
  </symbol>
  <component name="CUS10S30,H3F" designatorprefix="D" height="39.370078740157" footprint="1SS357TPH3F">
    <comppin designator="1" sympin="1" pinswap="0" gateswap="0" gate="1" group="1" side="" type="Any" name="K" />
    <comppin designator="2" sympin="2" pinswap="0" gateswap="0" gate="1" group="1" side="" type="Any" name="A" />
    <attached_symbol gate="1" name="CUS10S30,H3F" />
    <pinmap designator="1" footprintpin="1" />
    <pinmap designator="2" footprintpin="2" />
    <text name="Datasheet" originx="0" originy="0" style="Default" rotation="0" justify="" flipped="False" hidden="True" data="http://toshiba.semicon-storage.com/info/docget.jsp?did=14077&amp;prodName=CUS10S30" />
    <text name="Description" originx="0" originy="0" style="Default" rotation="0" justify="" flipped="False" hidden="True" data="Schottky Diodes &amp; Rectifiers Single High-speed switching" />
    <text name="Mouser Part Number" originx="0" originy="0" style="Default" rotation="0" justify="" flipped="False" hidden="True" data="757-CUS10S30H3F" />
    <text name="Mouser Price/Stock" originx="0" originy="0" style="Default" rotation="0" justify="" flipped="False" hidden="True" data="https://www.mouser.co.uk/ProductDetail/Toshiba/CUS10S30H3F?qs=cW4DzVrAanO4Xm6ySrHr7g%3D%3D" />
    <text name="Manufacturer_Name" originx="0" originy="0" style="Default" rotation="0" justify="" flipped="False" hidden="True" data="Toshiba" />
    <text name="Manufacturer_Part_Number" originx="500" originy="250" style="Default" rotation="0" justify="left" flipped="False" hidden="False" data="CUS10S30,H3F" />
  </component>
</quadcept_library>
