<?xml version="1.0" encoding="utf-8"?>
<!--/18901490/1270263/2.50/4/3/Loudspeaker or Buzzer/-->
<quadcept_library>
  <setting unit="mil" />
  <textstyle name="Default" height="47.244094488189" strokewidth="7.8740157480315" charwidth="47.244094488189" />
  <textstyle name="Dimension" height="19.6850393700787" strokewidth="0" charwidth="19.6850393700787" />
  <textstyle name="H127W0635TH00762" height="50" strokewidth="3" charwidth="25" />
  <textstyle name="H15W15TH02" height="59.0551181102362" strokewidth="7.8740157480315" charwidth="59.0551181102362" />
  <padstyle name="s250" surface="True" plated="False" isvia="False" nopaste="False" nomask="True" complex="False" holesize="0">
    <padshape layer="TOP" shape="square" width="98.425196850392" height="98.425196850392" />
    <padshape layer="TOP_SOLDER_MASK" shape="square" width="106.29921259842" height="106.29921259842" />
    <padshape layer="TOP_SOLDER_PASTE" shape="square" width="98.425196850392" height="98.425196850392" />
  </padstyle>
  <footprint name="CMI853682SMTTR" originx="0" originy="0" pickpointx="0" pickpointy="0">
    <pcbpin number="1" name="1" style="s250" originx="137.79527559055" originy="-137.79527559055" rotation="90" />
    <pcbpin number="2" name="2" style="s250" originx="137.79527559055" originy="137.79527559055" rotation="90" />
    <pcbpin number="3" name="3" style="s250" originx="-137.79527559055" originy="137.79527559055" rotation="90" />
    <pcbpin number="4" name="4" style="s250" originx="-137.79527559055" originy="-137.79527559055" rotation="90" />
    <line layer="TOP_PLACE_BOUND" originx="-226.3779527559" originy="226.3779527559" endx="226.3779527559" endy="226.3779527559" width="3.9370078740157" />
    <line layer="TOP_PLACE_BOUND" originx="226.3779527559" originy="226.3779527559" endx="226.3779527559" endy="-226.3779527559" width="3.9370078740157" />
    <line layer="TOP_PLACE_BOUND" originx="226.3779527559" originy="-226.3779527559" endx="-226.3779527559" endy="-226.3779527559" width="3.9370078740157" />
    <line layer="TOP_PLACE_BOUND" originx="-226.3779527559" originy="-226.3779527559" endx="-226.3779527559" endy="226.3779527559" width="3.9370078740157" />
    <line layer="TOP_SILKSCREEN" originx="204.72440944882" originy="-137.79527559055" endx="204.72440944882" endy="-137.79527559055" width="3.9370078740157" />
    <arc layer="TOP_SILKSCREEN" originx="202.75590551181" originy="-137.79527559055" startangle=".0" sweepangle="180.0" radius="1.9685039370078" width="3.9370078740157" />
    <line layer="TOP_SILKSCREEN" originx="200.7874015748" originy="-137.79527559055" endx="200.7874015748" endy="-137.79527559055" width="3.9370078740157" />
    <arc layer="TOP_SILKSCREEN" originx="202.75590551181" originy="-137.79527559055" startangle="180.0" sweepangle="180.0" radius="1.9685039370078" width="3.9370078740157" />
    <line layer="TOP_ASSEMBLY" originx="0" originy="167.32283464567" endx="-108.26771653543" endy="167.32283464567" width="3.9370078740157" />
    <line layer="TOP_ASSEMBLY" originx="-108.26771653543" originy="167.32283464567" endx="-167.32283464567" endy="108.26771653543" width="3.9370078740157" />
    <line layer="TOP_ASSEMBLY" originx="-167.32283464567" originy="108.26771653543" endx="-167.32283464567" endy="-108.26771653543" width="3.9370078740157" />
    <line layer="TOP_ASSEMBLY" originx="-167.32283464567" originy="-108.26771653543" endx="-108.26771653543" endy="-167.32283464567" width="3.9370078740157" />
    <line layer="TOP_ASSEMBLY" originx="-108.26771653543" originy="-167.32283464567" endx="108.26771653543" endy="-167.32283464567" width="3.9370078740157" />
    <line layer="TOP_ASSEMBLY" originx="108.26771653543" originy="-167.32283464567" endx="167.32283464567" endy="-108.26771653543" width="3.9370078740157" />
    <line layer="TOP_ASSEMBLY" originx="167.32283464567" originy="-108.26771653543" endx="167.32283464567" endy="108.26771653543" width="3.9370078740157" />
    <line layer="TOP_ASSEMBLY" originx="167.32283464567" originy="108.26771653543" endx="108.26771653543" endy="167.32283464567" width="3.9370078740157" />
    <line layer="TOP_ASSEMBLY" originx="108.26771653543" originy="167.32283464567" endx="0" endy="167.32283464567" width="3.9370078740157" />
    <line layer="TOP_SILKSCREEN" originx="-62.992125984251" originy="167.32283464567" endx="62.992125984251" endy="167.32283464567" width="7.8740157480314" />
    <line layer="TOP_SILKSCREEN" originx="-62.992125984251" originy="-167.32283464567" endx="62.992125984251" endy="-167.32283464567" width="7.8740157480314" />
    <line layer="TOP_SILKSCREEN" originx="-167.32283464567" originy="62.992125984251" endx="-167.32283464567" endy="-62.992125984251" width="7.8740157480314" />
    <line layer="TOP_SILKSCREEN" originx="167.32283464567" originy="62.992125984251" endx="167.32283464567" endy="-62.992125984251" width="7.8740157480314" />
  </footprint>
  <symbol name="CMI-8536-82-SMT-TR" originx="0" originy="0">
    <line originx="200" originy="100" endx="1200" endy="100" width="0" />
    <line originx="1200" originy="-200" endx="1200" endy="100" width="0" />
    <line originx="1200" originy="-200" endx="200" endy="-200" width="0" />
    <line originx="200" originy="100" endx="200" endy="-200" width="0" />
    <sympin number="1" originx="1200" originy="-100" rotation="0" length="100" width="7.8740157480315" flipped="False">
      <text name="pinname" originx="1170" originy="-100" style="Default" rotation="0" justify="right" flipped="False" hidden="False" data="+" />
      <text name="pindes" originx="1260" originy="-80" style="Default" rotation="0" justify="lowerleft" flipped="False" hidden="False" data="1" />
    </sympin>
    <sympin number="2" originx="1200" originy="0" rotation="0" length="100" width="7.8740157480315" flipped="False">
      <text name="pinname" originx="1170" originy="0" style="Default" rotation="0" justify="right" flipped="False" hidden="False" data="OUT_PAD" />
      <text name="pindes" originx="1260" originy="20" style="Default" rotation="0" justify="lowerleft" flipped="False" hidden="False" data="2" />
    </sympin>
    <sympin number="3" originx="200" originy="0" rotation="180" length="100" width="7.8740157480315" flipped="False">
      <text name="pinname" originx="230" originy="0" style="Default" rotation="0" justify="left" flipped="False" hidden="False" data="-" />
      <text name="pindes" originx="140" originy="20" style="Default" rotation="0" justify="lowerright" flipped="False" hidden="False" data="3" />
    </sympin>
    <sympin number="4" originx="200" originy="-100" rotation="180" length="100" width="7.8740157480315" flipped="False">
      <text name="pinname" originx="230" originy="-100" style="Default" rotation="0" justify="left" flipped="False" hidden="False" data="CONTROL" />
      <text name="pindes" originx="140" originy="-80" style="Default" rotation="0" justify="lowerright" flipped="False" hidden="False" data="4" />
    </sympin>
  </symbol>
  <component name="CMI-8536-82-SMT-TR" designatorprefix="LS" height="153.54330708661" footprint="CMI853682SMTTR">
    <comppin designator="1" sympin="1" pinswap="0" gateswap="0" gate="1" group="1" side="" type="Any" name="+" />
    <comppin designator="2" sympin="2" pinswap="0" gateswap="0" gate="1" group="1" side="" type="Any" name="OUT_PAD" />
    <comppin designator="3" sympin="3" pinswap="0" gateswap="0" gate="1" group="1" side="" type="Any" name="-" />
    <comppin designator="4" sympin="4" pinswap="0" gateswap="0" gate="1" group="1" side="" type="Any" name="CONTROL" />
    <attached_symbol gate="1" name="CMI-8536-82-SMT-TR" />
    <pinmap designator="1" footprintpin="1" />
    <pinmap designator="2" footprintpin="2" />
    <pinmap designator="3" footprintpin="3" />
    <pinmap designator="4" footprintpin="4" />
    <text name="Datasheet" originx="0" originy="0" style="Default" rotation="0" justify="" flipped="False" hidden="True" data="https://www.cuidevices.com/product/resource/cmi-8536-82-smt-tr.pdf" />
    <text name="Description" originx="0" originy="0" style="Default" rotation="0" justify="" flipped="False" hidden="True" data="Piezo Buzzers &amp; Audio Indicators buzzer, 8.5mm square, 3.6 mm deep, M, 4.0 kHz, 3 V, SMT, driving circuit" />
    <text name="Mouser Part Number" originx="0" originy="0" style="Default" rotation="0" justify="" flipped="False" hidden="True" data="179-CMI-8536-82SMTTR" />
    <text name="Mouser Price/Stock" originx="0" originy="0" style="Default" rotation="0" justify="" flipped="False" hidden="True" data="https://www.mouser.co.uk/ProductDetail/CUI-Devices/CMI-8536-82-SMT-TR?qs=HoCaDK9Nz5eOM41bc7FyhA%3D%3D" />
    <text name="Manufacturer_Name" originx="0" originy="0" style="Default" rotation="0" justify="" flipped="False" hidden="True" data="CUI Devices" />
    <text name="Manufacturer_Part_Number" originx="1250" originy="200" style="Default" rotation="0" justify="left" flipped="False" hidden="False" data="CMI-8536-82-SMT-TR" />
  </component>
</quadcept_library>
