<?xml version="1.0" encoding="utf-8"?>
<!--/280618/1270263/2.50/4/3/LED/-->
<quadcept_library>
  <setting unit="mil" />
  <textstyle name="Default" height="47.244094488189" strokewidth="7.8740157480315" charwidth="47.244094488189" />
  <textstyle name="Dimension" height="19.6850393700787" strokewidth="0" charwidth="19.6850393700787" />
  <textstyle name="H127W0635TH00762" height="50" strokewidth="3" charwidth="25" />
  <textstyle name="H15W15TH02" height="59.0551181102362" strokewidth="7.8740157480315" charwidth="59.0551181102362" />
  <padstyle name="r160_80" surface="True" plated="False" isvia="False" nopaste="False" nomask="True" complex="False" holesize="0">
    <padshape layer="TOP" shape="rectangle" width="31.496062992126" height="62.992125984251" />
    <padshape layer="TOP_SOLDER_MASK" shape="rectangle" width="39.370078740157" height="70.866141732283" />
    <padshape layer="TOP_SOLDER_PASTE" shape="rectangle" width="31.496062992126" height="62.992125984251" />
  </padstyle>
  <footprint name="APBD3224LSURKCGKC" originx="0" originy="0" pickpointx="0" pickpointy="0">
    <pcbpin number="1" name="1" style="r160_80" originx="62.992125984251" originy="27.55905511811" rotation="90" />
    <pcbpin number="2" name="2" style="r160_80" originx="-62.992125984251" originy="27.55905511811" rotation="90" />
    <pcbpin number="3" name="3" style="r160_80" originx="62.992125984251" originy="-27.55905511811" rotation="90" />
    <pcbpin number="4" name="4" style="r160_80" originx="-62.992125984251" originy="-27.55905511811" rotation="90" />
    <line layer="TOP_ASSEMBLY" originx="-62.992125984251" originy="-47.244094488188" endx="62.992125984251" endy="-47.244094488188" width="3.9370078740157" />
    <line layer="TOP_ASSEMBLY" originx="62.992125984251" originy="-47.244094488188" endx="62.992125984251" endy="47.244094488188" width="3.9370078740157" />
    <line layer="TOP_ASSEMBLY" originx="62.992125984251" originy="47.244094488188" endx="-62.992125984251" endy="47.244094488188" width="3.9370078740157" />
    <line layer="TOP_ASSEMBLY" originx="-62.992125984251" originy="47.244094488188" endx="-62.992125984251" endy="-47.244094488188" width="3.9370078740157" />
    <line layer="TOP_PLACE_BOUND" originx="-133.85826771653" originy="86.614173228345" endx="133.85826771653" endy="86.614173228345" width="3.9370078740157" />
    <line layer="TOP_PLACE_BOUND" originx="133.85826771653" originy="86.614173228345" endx="133.85826771653" endy="-86.614173228345" width="3.9370078740157" />
    <line layer="TOP_PLACE_BOUND" originx="133.85826771653" originy="-86.614173228345" endx="-133.85826771653" endy="-86.614173228345" width="3.9370078740157" />
    <line layer="TOP_PLACE_BOUND" originx="-133.85826771653" originy="-86.614173228345" endx="-133.85826771653" endy="86.614173228345" width="3.9370078740157" />
    <line layer="TOP_SILKSCREEN" originx="-15.748031496063" originy="47.244094488188" endx="15.748031496063" endy="47.244094488188" width="7.8740157480314" />
    <line layer="TOP_SILKSCREEN" originx="-15.748031496063" originy="-47.244094488188" endx="15.748031496063" endy="-47.244094488188" width="7.8740157480314" />
    <line layer="TOP_SILKSCREEN" originx="114.17322834646" originy="27.55905511811" endx="114.17322834646" endy="27.55905511811" width="3.9370078740157" />
    <arc layer="TOP_SILKSCREEN" originx="116.14173228346" originy="27.55905511811" startangle="180.0" sweepangle="180.0" radius="1.9685039370078" width="3.9370078740157" />
    <line layer="TOP_SILKSCREEN" originx="118.11023622047" originy="27.55905511811" endx="118.11023622047" endy="27.55905511811" width="3.9370078740157" />
    <arc layer="TOP_SILKSCREEN" originx="116.14173228346" originy="27.55905511811" startangle=".0" sweepangle="180.0" radius="1.9685039370078" width="3.9370078740157" />
  </footprint>
  <symbol name="APBD3224LSURKCGKC" originx="0" originy="0">
    <line originx="200" originy="100" endx="1700" endy="100" width="0" />
    <line originx="1700" originy="-200" endx="1700" endy="100" width="0" />
    <line originx="1700" originy="-200" endx="200" endy="-200" width="0" />
    <line originx="200" originy="100" endx="200" endy="-200" width="0" />
    <sympin number="1" originx="1700" originy="0" rotation="0" length="100" width="7.8740157480315" flipped="False">
      <text name="pinname" originx="1670" originy="0" style="Default" rotation="0" justify="right" flipped="False" hidden="False" data="ANODE_RED" />
      <text name="pindes" originx="1760" originy="20" style="Default" rotation="0" justify="lowerleft" flipped="False" hidden="False" data="1" />
    </sympin>
    <sympin number="2" originx="200" originy="0" rotation="180" length="100" width="7.8740157480315" flipped="False">
      <text name="pinname" originx="230" originy="0" style="Default" rotation="0" justify="left" flipped="False" hidden="False" data="CATHODE_RED" />
      <text name="pindes" originx="140" originy="20" style="Default" rotation="0" justify="lowerright" flipped="False" hidden="False" data="2" />
    </sympin>
    <sympin number="3" originx="1700" originy="-100" rotation="0" length="100" width="7.8740157480315" flipped="False">
      <text name="pinname" originx="1670" originy="-100" style="Default" rotation="0" justify="right" flipped="False" hidden="False" data="ANODE_GREEN" />
      <text name="pindes" originx="1760" originy="-80" style="Default" rotation="0" justify="lowerleft" flipped="False" hidden="False" data="3" />
    </sympin>
    <sympin number="4" originx="200" originy="-100" rotation="180" length="100" width="7.8740157480315" flipped="False">
      <text name="pinname" originx="230" originy="-100" style="Default" rotation="0" justify="left" flipped="False" hidden="False" data="CATHODE_GREEN" />
      <text name="pindes" originx="140" originy="-80" style="Default" rotation="0" justify="lowerright" flipped="False" hidden="False" data="4" />
    </sympin>
  </symbol>
  <component name="APBD3224LSURKCGKC" designatorprefix="LED" height="94.488188976377" footprint="APBD3224LSURKCGKC">
    <comppin designator="1" sympin="1" pinswap="0" gateswap="0" gate="1" group="1" side="" type="Any" name="ANODE_RED" />
    <comppin designator="2" sympin="2" pinswap="0" gateswap="0" gate="1" group="1" side="" type="Any" name="CATHODE_RED" />
    <comppin designator="3" sympin="3" pinswap="0" gateswap="0" gate="1" group="1" side="" type="Any" name="ANODE_GREEN" />
    <comppin designator="4" sympin="4" pinswap="0" gateswap="0" gate="1" group="1" side="" type="Any" name="CATHODE_GREEN" />
    <attached_symbol gate="1" name="APBD3224LSURKCGKC" />
    <pinmap designator="1" footprintpin="1" />
    <pinmap designator="2" footprintpin="2" />
    <pinmap designator="3" footprintpin="3" />
    <pinmap designator="4" footprintpin="4" />
    <text name="Datasheet" originx="0" originy="0" style="Default" rotation="0" justify="" flipped="False" hidden="True" data="https://www.kingbrightusa.com/images/catalog/SPEC/APBD3224LSURKCGKC.pdf" />
    <text name="Description" originx="0" originy="0" style="Default" rotation="0" justify="" flipped="False" hidden="True" data="Standard LEDs - SMD 3.2x2.4MM LOW CU RED/GREEN SMD" />
    <text name="Mouser Part Number" originx="0" originy="0" style="Default" rotation="0" justify="" flipped="False" hidden="True" data="604-APBD3224LSURKCGK" />
    <text name="Mouser Price/Stock" originx="0" originy="0" style="Default" rotation="0" justify="" flipped="False" hidden="True" data="https://www.mouser.co.uk/ProductDetail/Kingbright/APBD3224LSURKCGKC?qs=ZqXcJfGlKsjckDFm0SXANw%3D%3D" />
    <text name="Manufacturer_Name" originx="0" originy="0" style="Default" rotation="0" justify="" flipped="False" hidden="True" data="Kingbright" />
    <text name="Manufacturer_Part_Number" originx="1750" originy="200" style="Default" rotation="0" justify="left" flipped="False" hidden="False" data="APBD3224LSURKCGKC" />
  </component>
</quadcept_library>
